{
  "times": {
    "14": { "time": 0.28844285599887376, "std": 0.01297033506188217 },
    "16": { "time": 1.069722810998559, "std": 0.025896433908160727 },
    "18": { "time": 3.7740083389990033, "std": 0.10220591023262635 }
  }
}
