{
  "times": {
    "14": { "time": 0.3779133384823799, "std": 0.015139213928583023 },
    "16": { "time": 1.3810373609960078, "std": 0.022157010314984356 },
    "18": { "time": 4.9837899034917355, "std": 0.06749468263279701 }
  }
}
