{
  "times": {
    "14": {
      "10": {
        "2": { "time": 0.3350754204997793, "std": 0.020443904400636783 },
        "3": { "time": 0.3317564780004323, "std": 0.0015089451691532745 },
        "4": { "time": 0.33047567250020804, "std": 0.0021061874281173383 },
        "5": { "time": 0.3311404990004375, "std": 0.002482906192220805 },
        "6": { "time": 0.33032964550051835, "std": 0.0019995473271129344 },
        "7": { "time": 0.3323842269992456, "std": 0.003278903878879811 },
        "8": { "time": 0.3328038684986532, "std": 0.002816943004408055 },
        "9": { "time": 0.33568457399960605, "std": 0.0036157659954805864 }
      },
      "11": {
        "2": { "time": 0.3184359365003183, "std": 0.0023039006539330837 },
        "3": { "time": 0.31742383999936286, "std": 0.0019260473339485175 },
        "4": { "time": 0.3162151144994423, "std": 0.0025703954645255062 },
        "5": { "time": 0.3142904514996335, "std": 0.003268705572168524 },
        "6": { "time": 0.31609197199996564, "std": 0.004306301042381388 },
        "7": { "time": 0.31625187100097535, "std": 0.03630579560613538 },
        "8": { "time": 0.31433185550011694, "std": 0.0018547818999842 },
        "9": { "time": 0.317857133500278, "std": 0.02703919141794626 },
        "10": { "time": 0.3230323384990915, "std": 0.0009047446006600453 }
      },
      "12": {
        "3": { "time": 0.30417688049934805, "std": 0.026037045463068644 },
        "4": { "time": 0.3014023440005258, "std": 0.027774501031972876 },
        "5": { "time": 0.2993549830000848, "std": 0.001606821831769593 },
        "6": { "time": 0.29740832949988544, "std": 0.028003950423309498 },
        "7": { "time": 0.2979685060000047, "std": 0.0018380834946981114 },
        "8": { "time": 0.29898967800103127, "std": 0.03796480228569643 },
        "9": { "time": 0.3280362734999508, "std": 0.06474444217719107 },
        "10": { "time": 0.42285540550015865, "std": 0.10734403826962154 },
        "11": { "time": 0.38523637400008737, "std": 0.038878270544065924 }
      },
      "13": {
        "3": { "time": 0.35368588349968194, "std": 0.025754390575217816 },
        "4": { "time": 0.32364597099926323, "std": 0.03554544063269776 },
        "5": { "time": 0.3309079440003261, "std": 0.017930081196142717 },
        "6": { "time": 0.40170556899998333, "std": 0.08898996444731988 },
        "7": { "time": 0.3357173015000299, "std": 0.03988782520211013 },
        "8": { "time": 0.31266497149970385, "std": 0.026964213130444652 },
        "9": { "time": 0.3173970470000058, "std": 0.026850386003470197 },
        "10": { "time": 0.3157491254992783, "std": 0.009923707176077008 },
        "11": { "time": 0.31902136700041595, "std": 0.027102257681938042 }
      },
      "14": {
        "4": { "time": 0.3608000515000895, "std": 0.06989303036174793 },
        "5": { "time": 0.34087974099908025, "std": 0.0041772459824925105 },
        "6": { "time": 0.3567728409999982, "std": 0.02377681999983169 },
        "7": { "time": 0.3351237394995987, "std": 0.03872332307910271 },
        "8": { "time": 0.33094487099908293, "std": 0.0048124379895496784 },
        "9": { "time": 0.33558447450026874, "std": 0.029978511164750584 },
        "10": { "time": 0.3455166699998081, "std": 0.009838822174502345 },
        "11": { "time": 0.35591287500038743, "std": 0.009675392674110505 },
        "12": { "time": 0.37596285999938844, "std": 0.029307031991397028 }
      },
      "15": {
        "4": { "time": 0.4232861289996654, "std": 0.006034538641109009 },
        "5": { "time": 0.4022475169999525, "std": 0.02866197589551038 },
        "6": { "time": 0.39066732100024815, "std": 0.00832998689933078 },
        "7": { "time": 0.38369336849916724, "std": 0.013545787194789032 },
        "8": { "time": 0.37525710600055756, "std": 0.03404866788660352 },
        "9": { "time": 0.378746119000949, "std": 0.007128218866130084 },
        "10": { "time": 0.38706484200060365, "std": 0.03598642155463207 },
        "11": { "time": 0.39561874850094314, "std": 0.0031687719556046136 },
        "12": { "time": 0.4177600999996066, "std": 0.002854086092379742 }
      },
      "16": {
        "5": { "time": 0.5602580200005323, "std": 0.03968578658851549 },
        "6": { "time": 0.5355928485002368, "std": 0.004396398804173373 },
        "7": { "time": 0.5195167544996366, "std": 0.03376571937955494 },
        "8": { "time": 0.5125050065005199, "std": 0.0022835253105085674 },
        "9": { "time": 0.51001205749996, "std": 0.046468020756778784 },
        "10": { "time": 0.5135655110003426, "std": 0.0015484012131069202 },
        "11": { "time": 0.5227140495004132, "std": 0.04785199896601957 },
        "12": { "time": 0.5497583830012008, "std": 0.001864844817243102 },
        "13": { "time": 0.5966441470002756, "std": 0.046630666575771244 }
      }
    },
    "16": {
      "12": {
        "3": { "time": 1.2891155974995345, "std": 0.01088438778077965 },
        "4": { "time": 1.289544058999978, "std": 0.03118436117045789 },
        "5": { "time": 1.2809572765007615, "std": 0.03734159112726563 },
        "6": { "time": 1.2828471234999597, "std": 0.033552919481460525 },
        "7": { "time": 1.2826427929997446, "std": 0.03234798371321151 },
        "8": { "time": 1.2846340095000341, "std": 0.040492810343897165 },
        "9": { "time": 1.2796069174995646, "std": 0.04898059778045525 },
        "10": { "time": 1.2818721639998256, "std": 0.03333368956193517 },
        "11": { "time": 1.302298983500339, "std": 0.043954788241885166 }
      },
      "13": {
        "3": { "time": 1.2034845944996924, "std": 0.03651669635755859 },
        "4": { "time": 1.1974034984996542, "std": 0.03930690369319015 },
        "5": { "time": 1.1931365499999376, "std": 0.0471034409048114 },
        "6": { "time": 1.1934067075001076, "std": 0.03449405953595827 },
        "7": { "time": 1.2001854569986463, "std": 0.039021071389711906 },
        "8": { "time": 1.191546840501018, "std": 0.03659217254510788 },
        "9": { "time": 1.1950633465005085, "std": 0.03757565456088155 },
        "10": { "time": 1.1987994455005975, "std": 0.043621741110074386 },
        "11": { "time": 1.21215625299979, "std": 0.03395399194516207 }
      },
      "14": {
        "4": { "time": 1.232605361500755, "std": 0.03628846970588037 },
        "5": { "time": 1.221401386000216, "std": 0.04859597871522272 },
        "6": { "time": 1.2166416565002873, "std": 0.03665029757460072 },
        "7": { "time": 1.2155003659995272, "std": 0.04313130978644147 },
        "8": { "time": 1.2109446399994193, "std": 0.04085715237156587 },
        "9": { "time": 1.2223246955005451, "std": 0.0395988507235763 },
        "10": { "time": 1.22042447800003, "std": 0.04585750164736963 },
        "11": { "time": 1.234981310499832, "std": 0.04516382336448439 },
        "12": { "time": 1.2584153375001623, "std": 0.04712292312997695 }
      },
      "15": {
        "4": { "time": 1.2355325509998947, "std": 0.03832857687098772 },
        "5": { "time": 1.2134416644992307, "std": 0.04675717782104791 },
        "6": { "time": 1.2020150824999436, "std": 0.037784880920782415 },
        "7": { "time": 1.1966554680010304, "std": 0.03944357361826992 },
        "8": { "time": 1.1953231815006584, "std": 0.0468119141211107 },
        "9": { "time": 1.1929806605000048, "std": 0.03683727998620058 },
        "10": { "time": 1.1992120754998177, "std": 0.046216955317373465 },
        "11": { "time": 1.2103637510007248, "std": 0.04060057730733277 },
        "12": { "time": 1.235442864999175, "std": 0.04573191465713635 }
      },
      "16": {
        "5": { "time": 1.358167266499251, "std": 0.03060770687614715 },
        "6": { "time": 1.3362457825010643, "std": 0.040066378959927984 },
        "7": { "time": 1.3035975740002468, "std": 0.03491288626872188 },
        "8": { "time": 1.3004048800002783, "std": 0.03999800557139089 },
        "9": { "time": 1.3074351495001466, "std": 0.04746426625255748 },
        "10": { "time": 1.3105249470006675, "std": 0.03245848514173308 },