{
  "times": {
    "14": {
      "10": {
        "4": { "time": 0.41786372202634814, "std": 0.030738748329706796 },
        "5": { "time": 0.4186386014819145, "std": 0.0016856543071243845 },
        "6": { "time": 0.4195265335142613, "std": 0.0015518178807468193 },
        "7": { "time": 0.4181952104866505, "std": 0.0040111494143659394 },
        "8": { "time": 0.42419489750266076, "std": 0.0058797461897612145 }
      },
      "11": {
        "4": { "time": 0.40195759049057955, "std": 0.002522753140378637 },
        "5": { "time": 0.4011394129991531, "std": 0.002285967484003214 },
        "6": { "time": 0.40044579151272774, "std": 0.014714125404626993 },
        "7": { "time": 0.4020110394954681, "std": 0.0031533732651606353 },
        "8": { "time": 0.39901378199458126, "std": 0.0015180074984700914 }
      },
      "12": {
        "5": { "time": 0.3898353760242462, "std": 0.0009764202892329148 },
        "6": { "time": 0.3907204270064831, "std": 0.005271232109753916 },
        "7": { "time": 0.38954458248615265, "std": 0.0015371044526898809 },
        "8": { "time": 0.39094672301411626, "std": 0.007055470007130186 },
        "9": { "time": 0.395972863972187, "std": 0.004187210973750239 }
      },
      "13": {
        "5": { "time": 0.3906258199810982, "std": 0.002657473869517836 },
        "6": { "time": 0.3885159229934215, "std": 0.004220357974222347 },
        "7": { "time": 0.38951024252176286, "std": 0.007475752611659347 },
        "8": { "time": 0.3877222585082054, "std": 0.0035216370973374105 },
        "9": { "time": 0.3920470449626446, "std": 0.009725772846551448 }
      }
    },
    "16": {
      "12": {
        "5": { "time": 1.510270489513874, "std": 0.021307740362124232 },
        "6": { "time": 1.5006177434921264, "std": 0.011325766133478932 },
        "7": { "time": 1.5153476385176181, "std": 0.04249859527425025 },
        "8": { "time": 1.5075571189820767, "std": 0.0389990236619263 },
        "9": { "time": 1.4966561975181103, "std": 0.035588044339506485 }
      },
      "13": {
        "5": { "time": 1.438041047990322, "std": 0.0338148189243362 },
        "6": { "time": 1.44772088098526, "std": 0.04595102650923158 },
        "7": { "time": 1.428483443528414, "std": 0.027444967608763703 },
        "8": { "time": 1.43567472499609, "std": 0.03874120622294745 },
        "9": { "time": 1.4410252179801464, "std": 0.043187481326028405 }
      },
      "14": {
        "6": { "time": 1.4862189800143242, "std": 0.04888175326436106 },
        "7": { "time": 1.4881335854828357, "std": 0.04708452400637276 },
        "8": { "time": 1.4772497344911097, "std": 0.03327005117976226 },
        "9": { "time": 1.4957981660068036, "std": 0.03358795175395251 },
        "10": { "time": 1.4951170690059663, "std": 0.04409989664226095 }
      },
      "15": {
        "6": { "time": 1.4643319885134698, "std": 0.044346425238044586 },
        "7": { "time": 1.4599977539777755, "std": 0.032064671556590374 },
        "8": { "time": 1.4564124569892885, "std": 0.04015585448812013 },
        "9": { "time": 1.4616863279938699, "std": 0.04029992469297443 },
        "10": { "time": 1.4700925129950047, "std": 0.03136559112524185 }
      }
    },
    "18": {
      "14": {
        "6": { "time": 5.739353180497885, "std": 0.09979722953900554 },
        "7": { "time": 5.74342811396718, "std": 0.034348437689372326 },
        "8": { "time": 5.734231575995684, "std": 0.028781734302077245 },
        "9": { "time": 5.763983480989933, "std": 0.04438711657166806 },
        "10": { "time": 5.748553474009037, "std": 0.017866749866870986 }
      },
      "15": {
        "6": { "time": 5.338935896515846, "std": 0.048822525095991276 },
        "7": { "time": 5.413866522520781, "std": 0.04865934050208596 },
        "8": { "time": 5.380248337000609, "std": 0.0393036132459149 },
        "9": { "time": 5.400510821521282, "std": 0.048336220037826644 },
        "10": { "time": 5.420861555516719, "std": 0.04148125100605631 }
      },
      "16": {
        "7": { "time": 5.3334767210185525, "std": 0.09092281132772229 },
        "8": { "time": 5.250993162006139, "std": 0.04750593408587608 },
        "9": { "time": 5.234259902000427, "std": 0.05273031989135763 },
        "10": { "time": 5.237948549509049, "std": 0.06772920171146689 },
        "11": { "time": 5.248391727983952, "std": 0.07964261271899421 }
      },
      "17": {
        "7": { "time": 5.390311621010303, "std": 0.05548645169548494 },
        "8": { "time": 5.360771801501512, "std": 0.08535054922628782 },
        "9": { "time": 5.3298757860064505, "std": 0.0657809009745912 },
        "10": { "time": 5.437178461492062, "std": 0.027217299318811273 },
        "11": { "time": 5.3800292339921, "std": 0.04683595582037855 }
      }
    }
  },
  "best": {
    "14": {
      "time": 0.3877222585082054,
      "std": 0.0035216370973374105,
      "c": 13,
      "c0": 8
    },
    "16": {
      "time": 1.428483443528414,
      "std": 0.027444967608763703,
      "c": 13,
      "c0": 7
    },
    "18": {
      "time": 5.234259902000427,
      "std": 0.05273031989135763,
      "c": 16,
      "c0": 9
    }
  }
}
