{
  "times": {
    "14": { "time": 1.7948029180020093, "std": 0.037759694692007156 },
    "16": { "time": 6.004354933999479, "std": 0.06444764572476352 },
    "18": { "time": 20.38279816249944, "std": 0.12556176454931336 }
  }
}
