{
  "times": {
    "14": { "time": 2.848378687024116, "std": 0.0054024296044099 },
    "16": { "time": 9.59660261952877, "std": 0.018806348390293957 },
    "18": { "time": 32.93502640348673, "std": 0.035294879631523404 }
  }
}
